Label,# Samples,Average,Median,90% Line,95% Line,99% Line,Min,Max,Error %,Throughput,Received KB/sec,Sent KB/sec
Order Placed,684,1504,1490,1636,1707,1821,40,2839,0.731%,1.82210,3.31,2.33
Call back API,679,1173,982,1535,2339,2919,307,4799,0.295%,1.81635,1.22,1.26
TOTAL,1363,1339,1403,1636,2325,2482,40,4799,0.514%,3.63087,4.53,3.58
