Label,# Samples,Average,Median,90% Line,95% Line,99% Line,Min,Max,Error %,Throughput,Received KB/sec,Sent KB/sec
Order Placed,2057,1644,1501,1867,2861,3046,376,3834,0.194%,3.19714,5.79,4.11
Call back API,2052,4243,4349,7008,7306,8384,510,10371,1.170%,3.20346,2.21,2.20
TOTAL,4109,2942,1698,6600,7008,8355,376,10371,0.681%,6.38632,7.98,6.30
