Label,# Samples,Average,Median,90% Line,95% Line,99% Line,Min,Max,Error %,Throughput,Received KB/sec,Sent KB/sec
Order Placed,3059,1495,1427,1575,1721,2939,1309,3860,0.000%,3.39001,6.13,4.37
Call back API,3054,7494,8353,9121,10338,10393,893,24682,0.000%,3.36937,2.24,2.34
TOTAL,6113,4492,1775,8769,9120,10355,893,24682,0.000%,6.72292,8.32,6.67
