Label,# Samples,Average,Median,90% Line,95% Line,99% Line,Min,Max,Error %,Throughput,Received KB/sec,Sent KB/sec
Order Placed,3090,1508,1438,1598,1755,2903,1306,3555,0.000%,3.42875,6.20,4.42
Call back API,3085,9742,10915,12350,12387,14343,899,28976,0.000%,3.38897,2.25,2.35
TOTAL,6175,5622,2336,12341,12350,12847,899,28976,0.000%,6.77031,8.38,6.72
