Label,# Samples,Average,Median,90% Line,95% Line,99% Line,Min,Max,Error %,Throughput,Received KB/sec,Sent KB/sec
Order Placed,3140,1668,1435,1652,2851,9270,1295,13700,0.000%,3.48543,6.30,4.49
Call back API,3136,13100,14990,16363,16477,17309,890,42168,0.032%,3.43386,2.28,2.38
TOTAL,6276,7380,2799,16347,16363,16987,890,42168,0.016%,6.85812,8.48,6.80
