Label,# Samples,Average,Median,90% Line,95% Line,99% Line,Min,Max,Error %,Throughput,Received KB/sec,Sent KB/sec
Order Placed,3154,1489,1429,1598,1744,2886,1295,2983,0.000%,3.49675,6.32,4.51
Call back API,3150,18023,20700,23251,24393,26352,890,42958,0.159%,3.42296,2.28,2.38
TOTAL,6304,9751,2336,22493,23251,24910,890,42958,0.079%,6.83859,8.46,6.78
