Label,# Samples,Average,Median,90% Line,95% Line,99% Line,Min,Max,Error %,Throughput,Received KB/sec,Sent KB/sec
Television,3514,9935,10369,14066,15072,16660,109,18688,0.000%,50.88992,33281.79,7.40
TOTAL,3514,9935,10369,14066,15072,16660,109,18688,0.000%,50.88992,33281.79,7.40
