Label,# Samples,Average,Median,90% Line,95% Line,99% Line,Min,Max,Error %,Throughput,Received KB/sec,Sent KB/sec
PLP,1406,71171,76338,120157,120184,121156,39,123256,27.312%,10.85379,5295.11,1.61
TOTAL,1406,71171,76338,120157,120184,121156,39,123256,27.312%,10.85379,5295.11,1.61
