Label,# Samples,Average,Median,90% Line,95% Line,99% Line,Min,Max,Error %,Throughput,Received KB/sec,Sent KB/sec
PLP,589,11163,11282,12775,13253,13952,6892,14997,0.000%,8.66355,5813.00,1.29
TOTAL,589,11163,11282,12775,13253,13952,6892,14997,0.000%,8.66355,5813.00,1.29
