Label,# Samples,Average,Median,90% Line,95% Line,99% Line,Min,Max,Error %,Throughput,Received KB/sec,Sent KB/sec
Television,3082,1893,1848,2219,2316,2446,820,2657,0.000%,50.18727,32822.45,7.30
TOTAL,3082,1893,1848,2219,2316,2446,820,2657,0.000%,50.18727,32822.45,7.30
