Label,# Samples,Average,Median,90% Line,95% Line,99% Line,Min,Max,Error %,Throughput,Received KB/sec,Sent KB/sec
POST || ValidateDealer,2910,68,49,113,135,196,30,1145,0.000%,3.23013,1.67,0.84
OfferList,2910,30577,31475,32427,32695,33242,5022,33773,0.000%,3.15811,32.85,1.72
TOTAL,5820,15322,1145,32086,32427,33057,30,33773,0.000%,6.31496,34.48,2.54
